<?xml version="1.0" encoding="UTF-8"?>
<project-private xmlns="http://www.netbeans.org/ns/project-private/1">
    <editor-bookmarks xmlns="http://www.netbeans.org/ns/editor-bookmarks/2" lastBookmarkId="0"/>
    <open-files xmlns="http://www.netbeans.org/ns/projectui-open-files/2">
        <group>
            <file>file:/C:/Users/DESKTOP/Documents/NetBeansProjects/RankCrawler/src/hyperlinks/crawler/URLQueue.java</file>
            <file>file:/C:/Users/DESKTOP/Documents/NetBeansProjects/RankCrawler/src/hyperlinks/crawler/RankWebCrawler.java</file>
            <file>file:/C:/Users/DESKTOP/Documents/NetBeansProjects/RankCrawler/src/hyperlinks/crawler/RankLogger.java</file>
            <file>file:/C:/Users/DESKTOP/Documents/NetBeansProjects/RankCrawler/src/hyperlinks/crawler/FetchPage.java</file>
        </group>
    </open-files>
</project-private>
